{"cameraMode":{"drawMode":0,"name":"Shaded","section":"Shading Mode"},"sceneLighting":true,"audioPlay":false,"sceneViewState":{"showFog":true,"showMaterialUpdate":false,"showSkybox":true,"showFlares":true,"showImageEffects":true,"showParticleSystems":true},"in2DMode":false,"pivot":{"x":0.002499997615814209,"y":0.002499997615814209,"z":0.07499998807907105},"rotation":{"x":0.4817730486392975,"y":0.019709425047039987,"z":-0.010840256698429585,"w":0.8760212063789368},"size":0.9141321182250977,"orthographic":false}