{"cameraMode":{"drawMode":0,"name":"Shaded","section":"Shading Mode"},"sceneLighting":false,"audioPlay":false,"sceneViewState":{"showFog":true,"showMaterialUpdate":false,"showSkybox":false,"showFlares":true,"showImageEffects":true,"showParticleSystems":true},"in2DMode":false,"pivot":{"x":0.39788949489593508,"y":0.004644306376576424,"z":-0.4322468340396881},"rotation":{"x":-0.6949976682662964,"y":0.004136413335800171,"z":-0.004008397925645113,"w":-0.7191646099090576},"size":0.04146181792020798,"orthographic":false}