{"cameraMode":{"drawMode":0,"name":"Shaded","section":"Shading Mode"},"sceneLighting":false,"audioPlay":false,"sceneViewState":{"showFog":true,"showMaterialUpdate":false,"showSkybox":true,"showFlares":true,"showImageEffects":true,"showParticleSystems":true},"in2DMode":false,"pivot":{"x":0.14880122244358064,"y":0.02183590829372406,"z":-0.8135895133018494},"rotation":{"x":-0.001975282095372677,"y":0.8621605038642883,"z":-0.5066725611686707,"w":-0.003345319302752614},"size":1.207395076751709,"orthographic":false}