{"cameraMode":{"drawMode":0,"name":"Shaded","section":"Shading Mode"},"sceneLighting":false,"audioPlay":false,"sceneViewState":{"showFog":true,"showMaterialUpdate":false,"showSkybox":false,"showFlares":true,"showImageEffects":true,"showParticleSystems":true},"in2DMode":false,"pivot":{"x":0.14800000190734864,"y":0.004999999888241291,"z":-0.3140000104904175},"rotation":{"x":0.5790963768959045,"y":-0.2212272733449936,"z":0.1670023798942566,"w":0.7668007612228394},"size":0.08452542126178742,"orthographic":false}